,id,author_id,lang,text,title,created_at,url,source,normalized_text,type,probability,tag 1,tag 2,tag 3,tag 4,Mentions Total,retweet count,reply count,like count,quote count,possibly_sensitive,tag 5
0,1453472698349326338,197257623,en,"RT @FortuneMagazine: MTN is making its network, services, and products accessible to millions across Africa and the Middle East. #ad",,2021-10-27T21:24:30.000Z,,Twitter for Android,MTN,Organization,0.6382,ad,,,,1,18,0,0,0,True,
1,1453472665193394189,1318432664496623616,en,"Amazon‚Äã.de: AMD Ryzen 9 5950X Box
üîó https://t.co/q3rMN5ihRx
üí∏ ‚Ç¨751.17 as of üïí 21:24:22 UTC
#ad #partalert #pa_ryzen5950x",AMD Ryzen 9 5950X Box,2021-10-27T21:24:22.000Z,https://t.co/q3rMN5ihRx,Twitter,,,,ad,partalert,pa_ryzen5950x,,0,0,0,0,0,False,
2,1453472656682991617,1018893163925331968,en,"RT @TeamSChandna: Watch #SurbhiChandna's new #Ad for #RoseAndGold Vitamin C Face Serum.  üòÄ

@JagranNews @SurbhiChandna 

Watch the full vid‚Ä¶",,2021-10-27T21:24:20.000Z,,Twitter Web App,Vitamin C Face Serum,Product,0.4456,SurbhiChandna,Ad,RoseAndGold,,2,29,0,0,0,False,
3,1453472634319122433,705402063728017408,en,Gardenrooms and sheds to read your books.. #gardenroom #ad #shed   https://t.co/tur73NW2bY,Rowlinson Easy Fix Spiked Border Roll 1.8m - Pack of 2,2021-10-27T21:24:14.000Z,https://t.co/tur73NW2bY,Twitter,,,,gardenroom,ad,shed,,0,0,0,0,0,False,
4,1453472610553974786,3889570332,en,RT @studiosounds: #Listen to Dayne S - Moments #Dance (Affiliate link #AD) https://t.co/NpunFEBHiR https://t.co/1B4lkH741u,Moments - EP by Dayne S,2021-10-27T21:24:09.000Z,https://t.co/NpunFEBHiR,Twitter Web App,Dayne S,Person,0.7524,Listen,Dance,AD,,1,1,0,0,0,True,
5,1453472603004448769,2971423072,en,"RT @literatureposts: RT @LaydenRobinson
Stroll of Reality
#ad #literatura #LiteraturePosts #Literature
https://t.co/aYfhx4StP1",Stroll of Reality,2021-10-27T21:24:07.000Z,https://t.co/aYfhx4StP1,Twitter Web App,,,,ad,literatura,LiteraturePosts,Literature,2,86,0,0,0,False,
6,1453472601343332353,3889570332,en,RT @studiosounds: Now on #Studiosounds #Radio Jose DelParke - Afterlife #Electronic (Affiliate link #AD) https://t.co/ewWB1Mascx https://t.‚Ä¶,Afterlife - Single by Jose DelParke & Noel Perez,2021-10-27T21:24:07.000Z,https://t.co/ewWB1Mascx,Twitter Web App,Jose DelParke,Person,0.9528,Studiosounds,Radio,Electronic,AD,1,1,0,0,0,True,
7,1453472584595542025,919937353329676288,en,"RT @conspiracyb0t: Looking for safer cookware? Avoid chemical-laden ""non-stick"" frying pans that leach toxic substances into food &amp; switch‚Ä¶",,2021-10-27T21:24:03.000Z,,Twitter for iPhone,,,,,,,,1,30,0,0,0,False,
8,1453472583433682945,1444819516333068290,en,RT @Wario64: Humble Games Bundle: Sonic the Hedgehog 30th Anniversary https://t.co/q5TDsYoyXU #ad https://t.co/AieP6Gn9Xv,,2021-10-27T21:24:02.000Z,https://t.co/q5TDsYoyXU,Twitter for iPhone,Sonic the Hedgehog 30th Anniversary,Other,0.2677,ad,,,,1,167,0,0,0,False,
9,1453472551233998854,1126925251688812544,en,"RT @ESPNCFB: He tweeted that the Heisman House should add a dog or two.

So the Heisman House did just that üê∂

@NissanUSA #ad https://t.co/‚Ä¶",,2021-10-27T21:23:55.000Z,,Twitter for iPad,Heisman House,Organization,0.3356,ad,,,,2,11,0,0,0,False,
10,1453472542316957702,323379699,en,"RT @snkr_twitr: Dropped via Nike US: Nike Air VaporMax Plus ‚ÄòRough Green‚Äô

https://t.co/lKwDDxM9OX

#AD https://t.co/4DW7k7BXjd",Nike Air VaporMax Plus Men's Shoes. Nike.com,2021-10-27T21:23:52.000Z,https://t.co/lKwDDxM9OX,Twitter for iPhone,Nike US,Product,0.7927,AD,,,,1,4,0,0,0,False,
11,1453472538953240579,1447877070588157961,en,"[$8.79] [PRE-ORDER]
Funko POP! Heroes: Dia De Los DC - Green Lantern (Jessica Cr
#funkoPOP
Source: Target Search
Reason: Shipping availability: PRE_ORDER_SELLABLE

05:23:28.2410 PM EDT #Ad

https://t.co/BO8SqaDXlb",,2021-10-27T21:23:52.000Z,https://t.co/BO8SqaDXlb,Twitter,,,,funkoPOP,Ad,,,0,0,0,0,0,False,
12,1453472535237087239,1338607556059668482,en,"Links To Check Out!

THEY ARE AVAILABLE :SKULL:

Amazon
Digital: https://t.co/7YdTk8qGTZ
Disc: https://t.co/oGuzRyVfx0

Best Buy
https://t.co/ve1xsVEuUN

#Ps5 #ps5restock #PlayStation5 #PlayStation #playstation5restock #ad #CommissionsEarned https://t.co/3WnVQqR6L2",,2021-10-27T21:23:51.000Z,https://t.co/7YdTk8qGTZ,Twitter Web App,,,,Ps5,ps5restock,PlayStation5,PlayStation,0,0,0,1,0,False,
13,1453472520003362817,2807639335,en,RT @Wario64: Humble Games Bundle: Sonic the Hedgehog 30th Anniversary https://t.co/q5TDsYoyXU #ad https://t.co/AieP6Gn9Xv,Sonic 30th Anniversary Bundle,2021-10-27T21:23:47.000Z,https://t.co/q5TDsYoyXU,Twitter for Android,Sonic the Hedgehog 30th Anniversary,Other,0.2677,ad,,,,1,167,0,0,0,False,
14,1453472507026198535,3914040677,en,"RT @BuyCoolTShirts: On The Prowl T-Shirt by The Mountain
#Tshirt #Shirt #ad
https://t.co/e2KFnICIlZ",,2021-10-27T21:23:44.000Z,https://t.co/e2KFnICIlZ,Twitter for Android,The Mountain,Organization,0.6101,Tshirt,Shirt,ad,,1,79,0,0,0,False,
15,1453472505499377674,1366596637133598722,en,"‚ùó70% OFFüî• ***USE CODE: 2PK8495R + CLIP $10 QPON
üòé Did you snag this deal ?
üåüüåüüåü SHOP DEALS üëâ https://t.co/g7GjuLq2QC
DEAL MIGHT EXPIRE ANYTIME. #ad #deals #Coupon #discounted #sale #amazon  LINK https://t.co/rl2ZkeFftC",,2021-10-27T21:23:44.000Z,https://t.co/g7GjuLq2QC,Twitter Web App,,,,ad,deals,Coupon,discounted,0,0,0,0,0,False,
16,1453472504895377413,1376591582653247512,en,"RT @heidiklum: BOOO! I‚Äôve partnered with Cash App this Halloween to gift $1,000,000 in stock to my fans. For¬†a chance to win, drop your¬†cas‚Ä¶",,2021-10-27T21:23:44.000Z,,Twitter Web App,Halloween,Other,0.8215,,,,,1,888,0,0,0,False,
17,1453472494137061388,28912098,en,"RT @URDailyHistory: 27 Oct 1954: General Benjamin O. #Davis, Jr., born in Washington, D.C., becomes the first African-American general in t‚Ä¶",,2021-10-27T21:23:41.000Z,,Twitter Web App,Jr.,Person,0.5529,Davis,,,,1,6,0,0,0,False,
18,1453472491964338180,1447877070588157961,en,"[$49.99]
Funko POP! Advent Calendar: The Nightmare before Christmas
#funkoPOP
Source: Target Search
Reason: Shipping availability: IN_STOCK

05:23:33.9860 PM EDT #Ad

https://t.co/STqrnuQOio",Funko POP! Advent Calendar: The Nightmare before Christmas,2021-10-27T21:23:40.000Z,https://t.co/STqrnuQOio,Twitter,,,,funkoPOP,Ad,,,0,0,0,0,0,False,
19,1453472485182255104,1447877070588157961,en,"[See price in cart] [PRE-ORDER]
Funko POP! TV: The Walking Dead - Daryl with Dog
#funkoPOP
Source: Target Search
Reason: Shipping availability: PRE_ORDER_SELLABLE

05:23:24.1050 PM EDT #Ad

https://t.co/FKaYg7HlpL",,2021-10-27T21:23:39.000Z,https://t.co/FKaYg7HlpL,Twitter,The Walking Dead,Other,0.5681,funkoPOP,Ad,,,0,0,0,0,0,False,
20,1453472482619531271,1376591582653247512,en,"@heidiklum @CashApp #spookystocks #CashAppCostumeContest #ad 
I would love apple $sofia22885",,2021-10-27T21:23:38.000Z,,Twitter Web App,,,,spookystocks,CashAppCostumeContest,ad,,2,0,0,0,0,False,
21,1453472481604521984,1447877070588157961,en,"[$9.99]
Funko POP! Movies: Gremlins - Gizmo with 3D Glasses (Flocked
#funkoPOP
Source: Target Search
Reason: Shipping availability: IN_STOCK

05:23:29.8050 PM EDT #Ad

https://t.co/h1twlpbkkk",,2021-10-27T21:23:38.000Z,https://t.co/h1twlpbkkk,Twitter,,,,funkoPOP,Ad,,,0,0,0,0,0,False,
22,1453472479457038337,1447877070588157961,en,"[See price in cart] [PRE-ORDER]
Funko POP! Ad Icons: Elvira 40th - Elvira
#funkoPOP
Source: Target Search
Reason: Shipping availability: PRE_ORDER_SELLABLE

05:23:28.2410 PM EDT #Ad

https://t.co/mTkrLdpNhP",,2021-10-27T21:23:37.000Z,https://t.co/mTkrLdpNhP,Twitter,,,,funkoPOP,Ad,,,0,0,0,0,0,False,
23,1453472477544394752,1328823635793031168,en,"Zotac Trinity OC 3090 In Stock at Amazon

üõí https://t.co/GwULlN5Ewq

5:23:37 PM EDT

#ampere #Ryzen5000 #AMD #bignavi #pcmr #Xbox #ryzen #XboxSeriesX #ps5restock #gaming #SpaceTech #Amazon #Intel #Laptop #Walmart #Ad #GPUalert",,2021-10-27T21:23:37.000Z,https://t.co/GwULlN5Ewq,Twitter,Zotac Trinity OC 3090 In Stock,Product,0.3786,ampere,Ryzen5000,AMD,bignavi,0,0,0,0,0,False,
24,1453472467490574341,1447877070588157961,en,"[$8.79] [PRE-ORDER]
Funko POP! Heroes: Dia De Los DC Comics - Harley
#funkoPOP
Source: Target Search
Reason: Shipping availability: PRE_ORDER_SELLABLE

05:23:21.9760 PM EDT #Ad

https://t.co/jXKS7gvONH",,2021-10-27T21:23:35.000Z,https://t.co/jXKS7gvONH,Twitter,,,,funkoPOP,Ad,,,0,0,0,0,0,False,
25,1453472467163430912,1447877070588157961,en,"[See price in cart] [PRE-ORDER]
Funko POP! Movies: Evil Dead Anniversary - Ash
#funkoPOP
Source: Target Search
Reason: Shipping availability: PRE_ORDER_SELLABLE

05:23:28.2410 PM EDT #Ad

https://t.co/9cJFMlb7d0",,2021-10-27T21:23:35.000Z,https://t.co/9cJFMlb7d0,Twitter,,,,funkoPOP,Ad,,,0,0,0,0,0,False,
26,1453472459605356547,418273049,en,RT @FabuRocks: We're joining up with @ROCCAT through their new üì¢ROCCAT Streamer Initiative &amp; they want the #FabuFam &amp; #FabuArmy to join‚Ä¶,,2021-10-27T21:23:33.000Z,,Twitter Web App,,,,FabuFam,FabuArmy,,,2,410,0,0,0,False,
27,1453472453624217605,1282139514,en,"Jeremy Scott x adidas Forum Wings 1.0 'Money'

https://t.co/fqjsAhbWXo

#Ad https://t.co/Ddr5EMc8bM",,2021-10-27T21:23:31.000Z,https://t.co/fqjsAhbWXo,Twitter Web App,Jeremy Scott,Person,0.9713,Ad,,,,0,0,0,0,0,False,
28,1453472435626340352,574186881,en,"LIVE in 35mins: Sean Wotherspoon x adidas Superstar ‚ÄòSuper Earth/Black‚Äô

AG https://t.co/EqqGClsu1O
FD https://t.co/Ola9hZYR5k
NKD https://t.co/BA2XSvJRso
OFF https://t.co/WzJhkeIvAu
OK https://t.co/hMAkK2GhBU
SBX 
M https://t.co/M3Ow3OzGhT
W https://t.co/RLVqH1bRpU

#AD https://t.co/2CmXmwFGPs",Adidas x Sean Wotherspoon SuperEarth Superstar (Core Black / Bright Yellow / Green),2021-10-27T21:23:27.000Z,https://t.co/EqqGClsu1O,Twitter for iPhone,Sean Wotherspoon,Person,0.7181,AD,,,,0,0,0,0,0,False,
29,1453472429314035716,1447877070588157961,en,"[$8.79] [PRE-ORDER]
Funko POP! Heroes: Dia De Los DC Comics - Blue Beetle
#funkoPOP
Source: Target Search
Reason: Shipping availability: PRE_ORDER_SELLABLE

05:23:28.2410 PM EDT #Ad

https://t.co/OIhFCM1dCz",,2021-10-27T21:23:26.000Z,https://t.co/OIhFCM1dCz,Twitter,,,,funkoPOP,Ad,,,0,0,0,0,0,False,
30,1453472404492234758,1447877070588157961,en,"[See price in cart]
Funko POP! Star Wars: Retro Series - Luke Skywalker (Target 
#funkoPOP
Source: Target Search
Reason: Shipping availability: IN_STOCK

05:23:21.9760 PM EDT #Ad

https://t.co/Bg0REjWJuW",,2021-10-27T21:23:20.000Z,https://t.co/Bg0REjWJuW,Twitter,,,,funkoPOP,Ad,,,0,0,0,0,0,False,
31,1453472400063012872,60395840,en,"Just went on a cold, rainy walk, with this. I‚Äôd like to thank @MissionWorkshop for designing a superlative jacket, from its custom-crafted fabric that both breathes well &amp; repels water thoroughly, to its sleek cut, to the brilliant vents on the underside of each arm. (Not an #Ad) https://t.co/47Fe6dzFzj",,2021-10-27T21:23:19.000Z,https://t.co/47Fe6dzFzj,Twitter for iPad,,,,Ad,,,,1,0,0,1,0,False,
32,1453472387182198791,131021774,en,"RT @snkr_twitr: CORRECTION: Dropping tomorrow 3pm PT/6pm ET via Urbanstar 

Nike Dunk Low ‚ÄòHalloween‚Äô
-&gt;  https://t.co/08XnrlyxQr

Nike Air‚Ä¶",,2021-10-27T21:23:15.000Z,https://t.co/08XnrlyxQr,Tweetlogix,Nike Dunk Low,Product,0.421,,,,,1,13,0,0,0,True,
33,1453472385613639689,1301325038654828545,en,"‚ö°Ô∏èTesvor A1 Robot Vacuum Cleaner‚ö°Ô∏è

‚ùå $144.49 - Code: 41VQTL7W
‚úÖ $74.79

https://t.co/ErhmcLrB0r

Telegram: https://t.co/ioQSju6dmT
#ad https://t.co/6CSDFSJDRW",,2021-10-27T21:23:15.000Z,https://t.co/ErhmcLrB0r,Twitter Web App,Ô∏èTesvor A1 Robot Vacuum Cleaner,Product,0.5058,ad,,,,0,0,0,0,0,False,
34,1453472376235175938,3914040677,en,"RT @literatureposts: RT @LaydenRobinson
Stroll of Reality
#ad #literatura #LiteraturePosts #Literature
https://t.co/aYfhx4StP1",Stroll of Reality,2021-10-27T21:23:13.000Z,https://t.co/aYfhx4StP1,Twitter for Android,,,,ad,literatura,LiteraturePosts,Literature,2,86,0,0,0,False,
35,1453472371747270660,1410549924710715394,en,"RT @BadgerCrafty: New stylish designs for Autumn by Crafty Badger ‚Ä¶ hope you like our Autumn Fall range üéÉüçÇ

üëâ https://t.co/tKLy7H8kV7

#MHH‚Ä¶",,2021-10-27T21:23:12.000Z,https://t.co/tKLy7H8kV7,Twitter Web App,Crafty Badger,Organization,0.4053,,,,,1,41,0,0,0,False,
36,1453472362419003393,1355474110197891075,en,"RT @Wario64: $1 - Sonic Adventure 2 + DLC, Sonic Adventure DX, All-Stars Racing, Sonic 4
BTA - All-Stars Racing Transformed, Sonic Generati‚Ä¶",,2021-10-27T21:23:10.000Z,,Twitter for Android,,,,,,,,1,61,0,0,0,False,
37,1453472349156745225,1399528564840701953,en,"üî• AMAZON-UK : Palit GeForce RTX 3080 GamingPro- ¬£1199.41

Link: https://t.co/pJt8JH6edQ

ATC: https://t.co/U8v4XdBkR4

#amazon-uk | #palit | #rtx3080 | #ad

TS: 1635369786812",,2021-10-27T21:23:06.000Z,https://t.co/pJt8JH6edQ,Stonky69,,,,amazon,palit,rtx3080,ad,0,0,0,0,0,False,
38,1453472347093192716,1399519784983793664,en,"üî• MEMORYEXPRESS : AMD RYZEN 9 5950X Processor- C$939.99

Link: https://t.co/44Vv7X9ge7

#memoryexpress | #amd | #ryzen5950 | #ad

TS: 1635369786315",,2021-10-27T21:23:06.000Z,https://t.co/44Vv7X9ge7,Stonky69,,,,memoryexpress,amd,ryzen5950,ad,0,0,0,0,0,False,
39,1453472335365824520,1342919737358110720,en,"[$27.36]
Pokemon TCG: Shining Fates Collection - Pikachu V
#pokemonCards
Source: Walmart API
Reason: availableOnline = true

üõí: https://t.co/Tu7aqryJ0F
05:22:59.9960 PM EDT #Ad

https://t.co/oJ3EVZr3Di",Redirecting to Walmart,2021-10-27T21:23:03.000Z,https://t.co/Tu7aqryJ0F,Twitter,,,,pokemonCards,Ad,,,0,0,0,0,0,False,
40,1453472335332315142,1356684941585772545,en,"[$27.36]
Pokemon TCG: Shining Fates Collection - Pikachu V
#pokemonCards
Source: Walmart API
Reason: availableOnline = true

üõí: https://t.co/o7HqdlYDXD
05:22:59.9960 PM EDT #Ad

https://t.co/fscrhNlnHB",,2021-10-27T21:23:03.000Z,https://t.co/o7HqdlYDXD,Twitter,,,,pokemonCards,Ad,,,0,0,0,0,0,False,
41,1453472327652544518,146436350,en,"Playstation 5 Video Games, Accessories 
https://t.co/zI2cEYy0ID
#PS5 #Games #gaming #onlineshopping
#ad",,2021-10-27T21:23:01.000Z,https://t.co/zI2cEYy0ID,Buffer,Playstation 5,Product,0.8114,PS5,Games,gaming,onlineshopping,0,0,0,0,0,False,
42,1453472313748377606,3060841654,en,RT @icsfblog: Blue's Clues Celebration Milkshake https://t.co/1PcAlKOh4w via @icsfblog #ad #BluesCluesAndYou #Milkshake #kids,Blue‚Äôs Clues Celebration Milkshake | Ice Cream n Sticky Fingers,2021-10-27T21:22:58.000Z,https://t.co/1PcAlKOh4w,Twitter for Android,,,,ad,BluesCluesAndYou,Milkshake,kids,2,23,0,0,0,False,
43,1453472285369815042,1443232448012242951,en,"üëèüÜïNEW DESIGN!  Prayer &amp; Bible Study Journal ‚Ä¢ S.O.A.P. Bible Study Method ‚Ä¢ Colorful Rusty Metal Cover #ad 
https://t.co/CWZuufMOUb
#Bible #BibleStudy #journal #giftidea #giftforhim #giftforher  #rust #Christian #scripture https://t.co/CW0FRc84Hp",Prayer & Bible Study Journal ‚Ä¢ S.O.A.P. Bible Study Method ‚Ä¢ Eye-Catching Corroded Rusty Metal Cover Image: Unique bible study notebook to use for ... away to friends and family as a special gift.,2021-10-27T21:22:51.000Z,https://t.co/CWZuufMOUb,Twitter Web App,,,,ad,Bible,BibleStudy,journal,0,0,0,0,0,False,
44,1453472271830560770,1399519784983793664,en,"üî• BESTBUY-CA : Nintendo Switch OLED- C$449.99

Link: https://t.co/dtxDgQDID0

#bestbuy-ca | #nintendo | #switcholed | #ad

TS: 1635369768393",,2021-10-27T21:22:48.000Z,https://t.co/dtxDgQDID0,Stonky69,Nintendo Switch OLED,Product,0.7525,bestbuy,nintendo,switcholed,ad,0,0,0,0,0,False,
45,1453472270958145536,1421923367075160064,en,"üî• BESTBUY-CA : Nintendo Switch OLED- C$449.99

Link: https://t.co/niwm5xaNFh

#bestbuy-ca | #nintendo | #switcholed | #ad

TS: 1635369768163",,2021-10-27T21:22:48.000Z,https://t.co/niwm5xaNFh,Stonky69,Nintendo Switch OLED,Product,0.7525,bestbuy,nintendo,switcholed,ad,0,0,0,0,0,False,
46,1453472270341578758,1337430590241562626,en,RT @pythonbot_: Murach's Python Programming (2nd Edition) https://t.co/trwcdNvCqR  #Python #ad,,2021-10-27T21:22:48.000Z,https://t.co/trwcdNvCqR,Twitter,,,,Python,ad,,,1,4,0,0,0,False,
47,1453472263274119168,1356684941585772545,en,"[$50.88]
Pokemon 25th Anniversary Celebrations Elite Trainer Box
#tradingCards #ETB #pokemon #celebrations
Source: Walmart Checker
Reason: IN_STOCK

üõí: https://t.co/8hZ0KFUxwI

05:22:45.9960 PM EDT #Ad

https://t.co/oGPVlXj0Dp",,2021-10-27T21:22:46.000Z,https://t.co/8hZ0KFUxwI,Twitter,,,,tradingCards,ETB,pokemon,celebrations,0,0,0,0,0,False,
48,1453472263198674948,1342919737358110720,en,"[$50.88]
Pokemon 25th Anniversary Celebrations Elite Trainer Box
#tradingCards #ETB #pokemon #celebrations
Source: Walmart Checker
Reason: IN_STOCK

üõí: https://t.co/hMqPhIEmKW

05:22:45.9960 PM EDT #Ad

https://t.co/jrolCZqsuQ",,2021-10-27T21:22:46.000Z,https://t.co/hMqPhIEmKW,Twitter,,,,tradingCards,ETB,pokemon,celebrations,0,0,0,0,0,False,
49,1453472262607228932,1399519784983793664,en,"üî• MEMORYEXPRESS : AMD RYZEN 9 5900X Processor- C$666.99

Link: https://t.co/WsOXM8Ey4K

#memoryexpress | #amd | #ryzen5900 | #ad

TS: 1635369766192",,2021-10-27T21:22:46.000Z,https://t.co/WsOXM8Ey4K,Stonky69,,,,memoryexpress,amd,ryzen5900,ad,0,0,0,0,0,False,
50,1453472247788843008,253606421,en,RT @pythonbot_: Murach's Python Programming (2nd Edition) https://t.co/trwcdNvCqR  #Python #ad,,2021-10-27T21:22:42.000Z,https://t.co/trwcdNvCqR,Twitter for Android,,,,Python,ad,,,1,4,0,0,0,False,
51,1453472227098337286,3060841654,en,"RT @365DaysofBaking: #ad 
Hear ye! Hear ye!! Calling all you foodie lovers out there and I KNOW you're out there! @shawssupermarket is havi‚Ä¶",,2021-10-27T21:22:37.000Z,,Twitter for Android,,,,ad,,,,1,37,0,0,0,False,
52,1453472214792036353,189627901,en,"RT @BadgerCrafty: New stylish designs for Autumn by Crafty Badger ‚Ä¶ hope you like our Autumn Fall range üéÉüçÇ

üëâ https://t.co/tKLy7H8kV7

#MHH‚Ä¶",,2021-10-27T21:22:34.000Z,https://t.co/tKLy7H8kV7,Twitter Web App,Crafty Badger,Organization,0.4053,,,,,1,41,0,0,0,False,
53,1453472213567479812,47269152,en,"RT @KwingsLetsPlays: It's More #GuardiansOfTheGalaxy Part 4 Full Chapter! with RocketüòéLive Stream - https://t.co/hY6gPCFf3O

#GOTGgame 
#Sp‚Ä¶",,2021-10-27T21:22:34.000Z,https://t.co/hY6gPCFf3O,Twitter Web App,,,,GuardiansOfTheGalaxy,GOTGgame,,,1,5,0,0,0,False,
54,1453472209415155714,1221882649234563074,en,"RT @wendt_lynn: @begum_saifa Beautiful #celebratesidlotte 
#SanditonNeedsSidney #SidlotteForever¬†#SaveSidneyParker #LastAustenHero #JASandi‚Ä¶",,2021-10-27T21:22:33.000Z,,Twitter Web App,,,,celebratesidlotte,SanditonNeedsSidney,SidlotteForever,SaveSidneyParker,2,4,0,0,0,False,
55,1453472206730801153,3914040677,en,"RT @BrassWeb: RT @ENicolson1:
""A really fresh spin on time-travel and the motivations behind it."" Complete reviews @ #Amazon
https://t.co/J‚Ä¶",,2021-10-27T21:22:32.000Z,,Twitter for Android,,,,Amazon,,,,2,76,0,0,0,False,
56,1453472203413106689,3060841654,en,"RT @Makebestcrafts: #ad @Dorothylynch dressing &amp;amp; Condiment is my favorite food from #Nebraska! You can buy
Dorothy Lynch online now! ht‚Ä¶",,2021-10-27T21:22:32.000Z,,Twitter for Android,Dorothy Lynch,Person,0.6768,ad,Nebraska,,,2,23,0,0,0,False,
57,1453472192964988930,250688274,en,"RT @enthusiastcomic: 9x THE BEEZER BOOKS Vintage British Comic Book Yearly Annuals 1967 to 1988 - P11

Ends Fri 29th Oct @ 10:40pm

https:/‚Ä¶",,2021-10-27T21:22:29.000Z,,comichaveli,,,,,,,,1,2,0,0,0,False,
58,1453472146840293376,1209865870975078400,en,"RT @FunkoPOPsNews: Now live! Poison Spider-Man Funko POP! Head to the link below for EE‚Äôs latest exclusive ~ good luck on that chase!
Linky‚Ä¶",,2021-10-27T21:22:18.000Z,,Twitter for Android,Poison Spider-Man Funko POP,Product,0.287,,,,,1,11,0,0,0,False,
59,1453472146647224320,1356684941585772545,en,"Star Wars The Black Series Mandalorian Darksaber Force FX El
#starWars #darksaber
Source: Best Buy checker
Reason: Pre-Order button

üõí: https://t.co/7zuqjiomzi

05:22:11.9760 PM EDT #Ad

https://t.co/Htn2tBKe0F",Add to Cart,2021-10-27T21:22:18.000Z,https://t.co/7zuqjiomzi,Twitter,Star Wars The Black Series Mandalorian Darksaber Force FX El,Product,0.4115,starWars,darksaber,Ad,,0,0,0,0,0,False,
60,1453472146487980032,1342919737358110720,en,"Star Wars The Black Series Mandalorian Darksaber Force FX El
#starWars #darksaber
Source: Best Buy checker
Reason: Pre-Order button

üõí: https://t.co/wT1rR1H2hq

05:22:11.9760 PM EDT #Ad

https://t.co/1h8e19aZ23",,2021-10-27T21:22:18.000Z,https://t.co/wT1rR1H2hq,Twitter,Star Wars The Black Series Mandalorian Darksaber Force FX El,Product,0.4115,starWars,darksaber,Ad,,0,0,0,0,0,False,
61,1453472124958564367,240468268,en,"RT @solefed: Tomorrow at 8am PT/11am ET - Supreme Week 10

https://t.co/J5YWoIH6CS

#Ad https://t.co/orV6cxca7j",,2021-10-27T21:22:13.000Z,https://t.co/J5YWoIH6CS,Twitter for iPhone,,,,Ad,,,,1,1,0,0,0,False,
62,1453472119841509379,2723290674,en,"RT @snkr_twitr: CORRECTION: Dropping tomorrow 3pm PT/6pm ET via Urbanstar 

Nike Dunk Low ‚ÄòHalloween‚Äô
-&gt;  https://t.co/08XnrlyxQr

Nike Air‚Ä¶",,2021-10-27T21:22:12.000Z,https://t.co/08XnrlyxQr,Twitter for iPhone,Nike Dunk Low,Product,0.421,,,,,1,13,0,0,0,False,
63,1453472107128664073,1342919737358110720,en,"[$10.99]
C &amp; I Collectables NFL Miami Dolphins Licensed 2016 Panini a
#panini #baseballCards
Source: Walmart Checker
Reason: IN_STOCK

üõí: https://t.co/h2ihBWVwju

05:22:08.1980 PM EDT #Ad

https://t.co/xJFXpOmXkq",,2021-10-27T21:22:09.000Z,https://t.co/h2ihBWVwju,Twitter,C & I Collectables NFL Miami Dolphins Licensed 2016 Panini,Product,0.2354,panini,baseballCards,Ad,,0,0,0,0,0,False,
64,1453472106885390337,1356684941585772545,en,"[$10.99]
C &amp; I Collectables NFL Miami Dolphins Licensed 2016 Panini a
#panini #baseballCards
Source: Walmart Checker
Reason: IN_STOCK

üõí: https://t.co/qihgRfm5eQ

05:22:08.1980 PM EDT #Ad

https://t.co/7wtWPVvhyj",,2021-10-27T21:22:09.000Z,https://t.co/qihgRfm5eQ,Twitter,C & I Collectables NFL Miami Dolphins Licensed 2016 Panini,Product,0.2354,panini,baseballCards,Ad,,0,0,0,0,0,False,
65,1453472065302978560,3060841654,en,RT @goodbuysalltime: Check out our Toddler #Slippers in our #Amazon Store #ad https://t.co/d2wLBPoNHZ #christmasiscoming #christmasgiftidea‚Ä¶,,2021-10-27T21:21:59.000Z,https://t.co/d2wLBPoNHZ,Twitter for Android,,,,Slippers,Amazon,ad,christmasiscoming,1,21,0,0,0,False,
66,1453472060928368641,760866292224004097,en,Enter to Win a 40 Ct Box of Tootsie Roll Hot Cocoa  from @SavvySarah &amp; @TootsieHotCocoa! #Giveaway Ends 11/2 #ad https://t.co/TOwJN2H7Ez,,2021-10-27T21:21:58.000Z,https://t.co/TOwJN2H7Ez,Twitter Web App,Ct Box of Tootsie Roll Hot Cocoa,Product,0.4839,Giveaway,ad,,,2,0,0,0,0,False,
67,1453472040942460934,1186821456270901248,en,RT @Wario64: Humble Games Bundle: Sonic the Hedgehog 30th Anniversary https://t.co/q5TDsYoyXU #ad https://t.co/AieP6Gn9Xv,Sonic 30th Anniversary Bundle,2021-10-27T21:21:53.000Z,https://t.co/q5TDsYoyXU,Twitter for iPhone,Sonic the Hedgehog 30th Anniversary,Other,0.2677,ad,,,,1,167,0,0,0,False,
68,1453472028124717064,1315377621400727556,en,"RT @DrWhoenthusiats: Job Lot 4 Doctor Who Steelbooks Power Daleks,Macra,Fury,Faceless - NO DVDs !!

Ends Thu 28th Oct @ 11:56pm

https://t.‚Ä¶",,2021-10-27T21:21:50.000Z,,Twitter,,,,,,,,1,1,0,0,0,False,
69,1453472027885539329,56531376,en,"RT @KwingsLetsPlays: It's More #GuardiansOfTheGalaxy Part 4 Full Chapter! with RocketüòéLive Stream - https://t.co/hY6gPCFf3O

#GOTGgame 
#Sp‚Ä¶",,2021-10-27T21:21:50.000Z,https://t.co/hY6gPCFf3O,Twitter for Android,,,,GuardiansOfTheGalaxy,GOTGgame,,,1,5,0,0,0,False,
70,1453471997955084293,1356066998896250881,en,"RT @AriaSaki: NEW MY HERO MOVIE LET'S GOOOOOO!!! @Funimation #FunimationPartner #MHAWHM #ad

üéü: https://t.co/V6yoQT7wUH https://t.co/qHFXxi‚Ä¶",,2021-10-27T21:21:43.000Z,https://t.co/V6yoQT7wUH,Twitter for iPhone,,,,FunimationPartner,MHAWHM,ad,,2,94,0,0,0,False,
71,1453471995945840642,868257207334297601,en,"RT @Living_Lou: Peanut Butter-Oatmeal Chocolate Chunk Cookies ‚Äî YUM!

Made with crunchy peanut butter and semi-sweet chocolate, serve these‚Ä¶",,2021-10-27T21:21:42.000Z,,Twitter for Android,,,,,,,,1,14,0,0,0,False,
72,1453471976480202760,1315377621400727556,en,"RT @DrWhoenthusiats: Doctor who figures sealed

Ends Fri 29th Oct @ 5:16pm

https://t.co/RrcMmPVHr1

#ad #doctorwho #thedoctor #tardis #who‚Ä¶",,2021-10-27T21:21:38.000Z,https://t.co/RrcMmPVHr1,Twitter,,,,ad,doctorwho,thedoctor,tardis,1,1,0,0,0,False,
73,1453471976048168965,1399519784983793664,en,"üî• BESTBUY-CA : AMD RYZEN 9 5950X Processor- C$929.99

Link: https://t.co/wZpU5ixmTm

#bestbuy-ca | #amd | #ryzen5950 | #ad

TS: 1635369697852",,2021-10-27T21:21:37.000Z,https://t.co/wZpU5ixmTm,Stonky69,AMD RYZEN 9 5950X Processor,Product,0.6908,bestbuy,amd,ryzen5950,ad,0,0,0,0,0,False,
74,1453471975586897924,1399519784983793664,en,"üî• BESTBUY-CA : AMD RYZEN 5 5600X Processor- C$374.98

Link: https://t.co/8qDzqAeZbH

#bestbuy-ca | #amd | #ryzen5600 | #ad

TS: 1635369697760",,2021-10-27T21:21:37.000Z,https://t.co/8qDzqAeZbH,Stonky69,AMD RYZEN 5 5600X Processor,Product,0.6264,bestbuy,amd,ryzen5600,ad,0,0,0,0,0,False,
75,1453471957605830658,332927893,en,"RT @literatureposts: RT @LaydenRobinson
Stroll of Reality
#ad #literatura #LiteraturePosts #Literature
https://t.co/aYfhx4StP1",,2021-10-27T21:21:33.000Z,https://t.co/aYfhx4StP1,Twitter Web App,,,,ad,literatura,LiteraturePosts,Literature,2,86,0,0,0,False,
76,1453471951138217996,1016373341358305282,en,"RT @MautsoaITeeU: #Ad

Follow @photo_chromic and Register using the link below, you'll be entered into a draw to win one of five R10,000 pr‚Ä¶",,2021-10-27T21:21:32.000Z,,Twitter for Android,,,,Ad,,,,2,7,0,0,0,False,
77,1453471946436403203,1315377621400727556,en,"RT @DrWhoenthusiats: 2000AD Programme No 3 12th March 1977 Rare Vintage Comic UK

Ends Fri 29th Oct @ 8:16pm

https://t.co/x6Vidx9Auo

#ad‚Ä¶",2000AD Programme No 3 12th March 1977 Rare Vintage Comic UK,2021-10-27T21:21:30.000Z,https://t.co/x6Vidx9Auo,Twitter,,,,ad,,,,1,1,0,0,0,False,
78,1453471939763257353,180607746,en,"RT @NextAvenue: With options ranging from traditional care outside of the home to new options to receive care and services in the home, you‚Ä¶",,2021-10-27T21:21:29.000Z,,Twitter for iPhone,,,,,,,,1,2,0,0,0,False,
0,1453477220962508804,222297818,en,RT @Wario64: Humble Games Bundle: Sonic the Hedgehog 30th Anniversary https://t.co/q5TDsYoyXU #ad https://t.co/AieP6Gn9Xv,Sonic 30th Anniversary Bundle,2021-10-27T21:42:28.000Z,https://t.co/q5TDsYoyXU,Twitter for Android,Sonic the Hedgehog 30th Anniversary,Other,0.2677,ad,,,,1,177,0,0,0,False,
1,1453477219972497412,3193628984,en,"RT @snkr_twitr: LIVE in 35mins: Sean Wotherspoon x adidas Superstar ‚ÄòSuper Earth/Black‚Äô

AG https://t.co/EqqGClsu1O
FD https://t.co/Ola9hZY‚Ä¶",Adidas x Sean Wotherspoon SuperEarth Superstar (Core Black / Bright Yellow / Green),2021-10-27T21:42:28.000Z,https://t.co/EqqGClsu1O,Twitter Web App,Sean Wotherspoon,Person,0.854,,,,,1,2,0,0,0,False,
2,1453477210996805636,1342919737358110720,en,"üá¨üáßüá¨üáßüá¨üáß [MAY NOT SHIP TO US] [¬£25.99]
amiibo SAMUS/E.M.M.I. 2-in-1 Pack (Nintendo Switch)
Source: Amazon Checker v3R (Offer Popout)
Reason: Sold by Amazon

üõí: https://t.co/PcPNNLKeEj
05:42:24.4210 PM EDT #Ad

https://t.co/aoy06jCHVK",Amazon.co.uk Shopping Basket,2021-10-27T21:42:26.000Z,https://t.co/PcPNNLKeEj,Twitter,Nintendo Switch) Source,Product,0.1741,Ad,,,,0,0,0,0,0,False,
3,1453477194169208832,1366596637133598722,en,"‚ùó50% OFFüî• ***USE CODE: DTV8663X
üòé Did you snag this deal ?
üåüüåüüåü SHOP DEALS üëâ https://t.co/g7GjuLq2QC
DEAL MIGHT EXPIRE ANYTIME. #ad #deals #Coupon #discounted #sale #amazon  LINK https://t.co/FyiNeiTObq",Perfect Goods Store,2021-10-27T21:42:22.000Z,https://t.co/g7GjuLq2QC,Twitter Web App,,,,ad,deals,Coupon,discounted,0,0,0,0,0,False,sale
4,1453477107170824194,828411832641613825,en,RT @Wario64: Humble Games Bundle: Sonic the Hedgehog 30th Anniversary https://t.co/q5TDsYoyXU #ad https://t.co/AieP6Gn9Xv,Sonic 30th Anniversary Bundle,2021-10-27T21:42:01.000Z,https://t.co/q5TDsYoyXU,Twitter Web App,Sonic the Hedgehog 30th Anniversary,Other,0.2677,ad,,,,1,177,0,0,0,False,
5,1453477104104976385,719690726641164288,en,RT @TheLocalSweden: It's conveniently situated between Sweden's two biggest cities. It's only 10 minutes from the city centre to the neares‚Ä¶,,2021-10-27T21:42:00.000Z,,Twitter for Android,Sweden,Place,0.9969,,,,,1,3,0,0,0,False,
6,1453477079756967936,422437814,en,RT @Wario64: Disco Elysium: The Final Cut (Xbox) is up for preorder at Amazon ($39.99) https://t.co/bDncMzmwjK #ad https://t.co/4odjNzuQhq,,2021-10-27T21:41:54.000Z,https://t.co/bDncMzmwjK,Twitter for iPhone,Disco Elysium: The Final Cut,Product,0.5833,ad,,,,1,6,0,0,0,False,
7,1453477079480246277,2584392282,en,RT @Wario64: Grand Theft Auto: The Trilogy ‚Äì The Definitive Edition (Switch) is up for preorder at Best Buy ($59.99) https://t.co/7rbPK7xut‚Ä¶,,2021-10-27T21:41:54.000Z,,Twitter for Android,Grand Theft Auto: The Trilogy ‚Äì The Definitive Edition,Product,0.1828,,,,,1,13,0,0,0,False,
8,1453477065794236417,2513649325,en,"Amazon‚Ä§it: MSI GeForce RTX 3060 GAMING Z TRIO 12G Scheda grafica 12GB GDDR6, 1867MHz, 3x DisplayPort, HDMI, TriFrozr Fan
https://t.co/0TL0tTJPCn
‚Ç¨749 as of 21:41 UTC
Sold by Amazon‚Ä§it
#ad #gpu #gaming",,2021-10-27T21:41:51.000Z,https://t.co/0TL0tTJPCn,Twitter,Amazon‚Ä§,Product,0.5328,ad,gpu,gaming,,0,0,0,0,0,False,
9,1453477060333166601,1453469948219731969,en,RT @IAmAlanWalker: a look into my ROG Zephyrus G14 AW SE üíª #ROGALANWALKER #ForThoseWhoDare #ZephyrusG14 #ad https://t.co/XtTIi2ZMU5,,2021-10-27T21:41:50.000Z,https://t.co/XtTIi2ZMU5,Twitter for Android,,,,ROGALANWALKER,ForThoseWhoDare,ZephyrusG14,ad,1,91,0,0,0,False,
10,1453477053928329216,71397462,en,"#Ad ‚Ä¢ A post-apocalyptic story that turned out not to be what I would have expected...

Midnight is My Time by Mike Dellosso
‚û°Ô∏è https://t.co/Cmpj2Nyb7A 

üìÑ üïäÔ∏è üö® üìö

#BookReview #ChristFic #Suspense #Books https://t.co/mwI17kUDAt",,2021-10-27T21:41:48.000Z,https://t.co/Cmpj2Nyb7A,Twitter for Android,Midnight is My Time,Other,0.3096,Ad,BookReview,ChristFic,Suspense,0,0,0,0,0,False,Books
11,1453477020747255808,1448950105059598336,en,"RT @sallyeaves: Scaling #AI in #Manufacturing 
Enhance #safety &amp; #quality + reduce #costs 
It's simplified #AI based #MachineLearning
Explo‚Ä¶",,2021-10-27T21:41:40.000Z,,Twitter,,,,AI,Manufacturing,safety,quality,1,6,0,0,0,False,costs
12,1453477014028095492,1041444076183334912,en,"RT @AchievementHunt: Come out, come out wherever you are! 

ü™ì https://t.co/MlnsGcAhAk #ad https://t.co/7nfLUwWhHb",,2021-10-27T21:41:39.000Z,https://t.co/MlnsGcAhAk,Twitter for iPhone,,,,ad,,,,1,1,0,0,0,False,
13,1453477003986935812,1183506566848352256,en,"RT @wendt_lynn: @Sidsupporter2 @RedPlanetTV @masterpiecepbs @BritBox_UK @ITV He must #celebratesidlotte 
#SanditonNeedsSidney #SidlotteFore‚Ä¶",,2021-10-27T21:41:36.000Z,,Twitter Web App,,,,celebratesidlotte,SanditonNeedsSidney,,,2,4,0,0,0,False,
14,1453476998521708544,1132890775891505152,en,"RT @sallyeaves: Scaling #AI in #Manufacturing 
Enhance #safety &amp; #quality + reduce #costs 
It's simplified #AI based #MachineLearning
Explo‚Ä¶",,2021-10-27T21:41:35.000Z,,RT #MachineLearning,,,,AI,Manufacturing,safety,quality,1,6,0,0,0,False,costs
15,1453476993400328195,97479255,en,"RT @MissingLynxx: #ad Celebrate with the #OfficialWineofHalloween, #CasillerodelDiablo, &amp; enter the Legendary Halloween sweeps for a chance‚Ä¶",,2021-10-27T21:41:34.000Z,,Twitter Web App,Legendary Halloween,Other,0.3468,ad,OfficialWineofHalloween,CasillerodelDiablo,,1,13,0,0,0,False,
16,1453476969492930564,1403861754808049666,en,"RT @sallyeaves: Scaling #AI in #Manufacturing 
Enhance #safety &amp; #quality + reduce #costs 
It's simplified #AI based #MachineLearning
Explo‚Ä¶",,2021-10-27T21:41:28.000Z,,Twitter Web App,,,,AI,Manufacturing,safety,quality,1,6,0,0,0,False,costs
17,1453476959091105801,4633373074,en,"RT @invbotfunko: [$25.00]
Funko POP! Marvel: Marvel Zombies- 10"" Deadpool - Walmart Ex
#funkoPOP #walmartExclusive
Source: Walmart Checker‚Ä¶",,2021-10-27T21:41:26.000Z,,Lewie,Marvel Zombies,Product,0.316,funkoPOP,walmartExclusive,,,1,1,0,0,0,False,
18,1453476953390997508,1428347863503802374,en,"Swap the G-Shock for one of these awesome Pokemon touch screen watches, on sale now on Amazon for only $29.47 at: https://t.co/1saORXffn1 #ad",Pok√©mon Touchscreen Interactive Smart Watch,2021-10-27T21:41:24.000Z,https://t.co/1saORXffn1,Twitter,G-Shock,Product,0.3067,ad,,,,0,0,0,0,0,False,
19,1453476947707695110,877639180607774721,en,"RT @ScooterMagruder: Had a ton of fun shooting my #WalmartPlus spot with @_CeeDeeThree

Take a peek behind the scenes, and score free same-‚Ä¶",,2021-10-27T21:41:23.000Z,,Twitter for iPhone,,,,WalmartPlus,,,,2,1,0,0,0,False,
20,1453476947217076230,713580763694891008,en,"RT @LeekDuck: Pok√©mon is timeless because there's always something for everyone. ‚òÄ‚òÅ

And now Pok√©mon Shirts offers even more options for yo‚Ä¶",,2021-10-27T21:41:23.000Z,,Twitter for iPhone,Pok√©mon,Product,0.3793,,,,,1,59,0,0,0,False,
21,1453476926119546886,846078295,en,"RT @URDailyHistory: 27 Oct 939: The first #King of England, #Athelstan, dies. He never married nor had children so his half #brother Edmund‚Ä¶",,2021-10-27T21:41:18.000Z,,Twitter Web App,England,Place,0.8386,King,Athelstan,brother,,1,27,0,0,0,False,
22,1453476925247303691,1183506566848352256,en,"RT @wendt_lynn: @begum_saifa Beautiful #celebratesidlotte 
#SanditonNeedsSidney #SidlotteForever¬†#SaveSidneyParker #LastAustenHero #JASandi‚Ä¶",,2021-10-27T21:41:17.000Z,,Twitter Web App,,,,celebratesidlotte,SanditonNeedsSidney,SidlotteForever,SaveSidneyParker,2,6,0,0,0,False,LastAustenHero
23,1453476914660773891,1404096805483302914,en,"FASHION ICON üî•

#instagram #post #fashion #iconic #beauty #makeup #models #USA #MakeupArtist #Lipstick #luxury #brands #tiktok #YouTube #WhatsApp #snapchat #Ad #Halloween #PFW #NYFW #FashionWeek #GMA #ellenshow #FallonTonight #Pandora #Radio #Bollywood #Turkey #Apple #anime #Art https://t.co/80ltoiwltF",,2021-10-27T21:41:15.000Z,https://t.co/80ltoiwltF,Twitter for Android,,,,instagram,post,fashion,iconic,0,0,0,0,0,False,beauty
24,1453476913729658884,32740920,en,"Had a ton of fun shooting my #WalmartPlus spot with @_CeeDeeThree

Take a peek behind the scenes, and score free same-day delivery from your @walmart store on groceries &amp; more with your membership! #ad https://t.co/bj7Ikedakj",,2021-10-27T21:41:15.000Z,https://t.co/bj7Ikedakj,Twitter Media Studio,,,,WalmartPlus,ad,,,2,1,0,8,1,False,
25,1453476895018807297,472683072,en,RT @Wario64: Disco Elysium: The Final Cut (Xbox) is up for preorder at Amazon ($39.99) https://t.co/bDncMzmwjK #ad https://t.co/4odjNzuQhq,,2021-10-27T21:41:10.000Z,https://t.co/bDncMzmwjK,Twitter for Android,Disco Elysium: The Final Cut,Product,0.5833,ad,,,,1,6,0,0,0,False,
26,1453476894289154059,1312929373343952896,en,"üî• BESTBUY : GIGABYTE GeForce RTX 3060 Ti GAMING OC PRO REV3.0 LHR- $749

Link: https://t.co/Ho8enMd2c6

ATC: https://t.co/yB2H4M8X7s

#bestbuy | #gigabyte | #rtx3060ti | #ad

TS: 1635370870457",,2021-10-27T21:41:10.000Z,https://t.co/Ho8enMd2c6,Stonky69,BESTBUY : GIGABYTE GeForce RTX 3060 Ti GAMING OC PRO REV3,Product,0.1953,bestbuy,gigabyte,rtx3060ti,ad,0,0,0,0,0,False,
27,1453476869685354502,1346678811434352645,en,"RT @snkr_twitr: CORRECTION: Dropping tomorrow 3pm PT/6pm ET via Urbanstar 

Nike Dunk Low ‚ÄòHalloween‚Äô
-&gt;  https://t.co/08XnrlyxQr

Nike Air‚Ä¶",,2021-10-27T21:41:04.000Z,https://t.co/08XnrlyxQr,Twitter for iPhone,Nike Dunk Low,Product,0.421,,,,,1,24,0,0,0,True,
28,1453476856376795137,1414863205864595456,en,"How much is monstainfinite worth?

With an yearly #traffic of 1M users, it can generate a potential #ad #revenue of $ 16,568 USD. Learn more about its website worth at https://t.co/9edBjkWUoV

#site #worth #domain #ad #revenue #website #development #monstainfinite #hosting #web",,2021-10-27T21:41:01.000Z,https://t.co/9edBjkWUoV,Twitter,,,,traffic,ad,revenue,site,0,0,0,0,0,False,worth
29,1453476813318012936,1363974177099816968,en,"üá™üá∏üá™üá∏üá™üá∏ [SHIPS TO US] [599,00¬†‚Ç¨]
Gigabyte Technology Tarjeta Grafica Radeon RX 6600 XT Gaming
#radeon6600XT
Source: Amazon Checker v3R
Reason: Sold by Amazon

üõí: https://t.co/g4kZ3FZkV8
05:40:43.3300 PM EDT #Ad

https://t.co/1LRQADEab4",,2021-10-27T21:40:51.000Z,https://t.co/g4kZ3FZkV8,Twitter,Gigabyte Technology Tarjeta Grafica Radeon RX 6600 XT Gaming #radeon6600XT Source,Product,0.2512,radeon6600XT,Ad,,,0,0,0,0,0,False,
30,1453476813288742918,1342919737358110720,en,"üá™üá∏üá™üá∏üá™üá∏ [SHIPS TO US] [599,00¬†‚Ç¨]
Gigabyte Technology Tarjeta Grafica Radeon RX 6600 XT Gaming
#radeon6600XT
Source: Amazon Checker v3R
Reason: Sold by Amazon

üõí: https://t.co/RYzrLkyPRp
05:40:43.3300 PM EDT #Ad

https://t.co/lXmGOPxUpz",,2021-10-27T21:40:51.000Z,https://t.co/RYzrLkyPRp,Twitter,Gigabyte Technology Tarjeta Grafica Radeon RX 6600 XT Gaming #radeon6600XT Source,Product,0.2512,radeon6600XT,Ad,,,0,0,0,0,0,False,
31,1453476796465307648,787392321998295040,en,RT @Wario64: Disco Elysium: The Final Cut (Xbox) is up for preorder at Amazon ($39.99) https://t.co/bDncMzmwjK #ad https://t.co/4odjNzuQhq,,2021-10-27T21:40:47.000Z,https://t.co/bDncMzmwjK,TweetDeck,Disco Elysium: The Final Cut,Product,0.5833,ad,,,,1,6,0,0,0,False,
32,1453476781080694794,1389232006467293187,en,RT @Wario64: Disco Elysium: The Final Cut (Xbox) is up for preorder at Amazon ($39.99) https://t.co/bDncMzmwjK #ad https://t.co/4odjNzuQhq,,2021-10-27T21:40:43.000Z,https://t.co/bDncMzmwjK,Twitter Web App,Disco Elysium: The Final Cut,Product,0.5833,ad,,,,1,6,0,0,0,False,
33,1453476738550349831,1342919737358110720,en,"[$459.99]
Nintendo Switch in Neon with Hyrule Warriors and Accessory K
#nintendo #switch
Source: Walmart Checker
Reason: IN_STOCK

üõí: https://t.co/vkhQOj8aaf

05:40:29.5260 PM EDT #Ad

https://t.co/rXjc3E2UAk",Redirecting to Walmart,2021-10-27T21:40:33.000Z,https://t.co/vkhQOj8aaf,Twitter,Hyrule Warriors and Accessory K,Product,0.1651,nintendo,switch,Ad,,0,0,0,0,0,False,
34,1453476734066626561,876529315738902528,en,RT @Wario64: Disco Elysium: The Final Cut (Xbox) is up for preorder at Amazon ($39.99) https://t.co/bDncMzmwjK #ad https://t.co/4odjNzuQhq,,2021-10-27T21:40:32.000Z,https://t.co/bDncMzmwjK,Twitter for Android,Disco Elysium: The Final Cut,Product,0.5833,ad,,,,1,6,0,0,0,False,
35,1453476725338353667,1342969719624761362,en,"[$459.99]
Nintendo Switch in Neon with Hyrule Warriors and Accessory K
#nintendo #switch
Source: Walmart Checker
Reason: IN_STOCK

üõí: https://t.co/CwM4SRSCwh

05:40:29.5260 PM EDT #Ad

https://t.co/7NrQJd00kk",,2021-10-27T21:40:30.000Z,https://t.co/CwM4SRSCwh,Twitter,Hyrule Warriors and Accessory K,Product,0.1651,nintendo,switch,Ad,,0,0,0,0,0,False,
36,1453476702068387840,1098494582,en,"RT @thuso_thelejane: #Ad
QUEENEVA ORGANIC PRODUCTS

Queeneva Penis Enlargement is 100% Organic comes in capsule form

Our Penis Enlargement‚Ä¶",,2021-10-27T21:40:24.000Z,,Twitter for iPhone,,,,Ad,,,,1,125,0,0,0,False,
37,1453476688935981063,16297193,en,"Come out, come out wherever you are! 

ü™ì https://t.co/MlnsGcAhAk #ad https://t.co/7nfLUwWhHb",Running From A Giant Killer Baby - Gmod: Slasher,2021-10-27T21:40:21.000Z,https://t.co/MlnsGcAhAk,Sprinklr,,,,ad,,,,0,1,0,25,0,False,
38,1453476666890756099,2389208162,en,"RT @solefed: Tomorrow at 8am PT/11am ET - Supreme Week 10

https://t.co/J5YWoIH6CS

#Ad https://t.co/orV6cxca7j",,2021-10-27T21:40:16.000Z,https://t.co/J5YWoIH6CS,Twitter for iPhone,,,,Ad,,,,1,2,0,0,0,True,
39,1453476665879846923,158377515,en,"Lot of 3 red-pink cotton fat quarters: 21 1/2"" - 22"" long by 18"" wide #sewing #ad #craft https://t.co/VJlpdPypTh",,2021-10-27T21:40:16.000Z,https://t.co/VJlpdPypTh,Twitter,,,,sewing,ad,craft,,0,0,0,0,0,False,
40,1453476662553812997,827092120334893056,en,"RT @sallyeaves: Scaling #AI in #Manufacturing 
Enhance #safety &amp; #quality + reduce #costs 
It's simplified #AI based #MachineLearning
Explo‚Ä¶",,2021-10-27T21:40:15.000Z,,Twitter Web App,,,,AI,Manufacturing,safety,quality,1,6,0,0,0,False,costs
41,1453476660074844161,1147755187940933634,en,"RT @nikkikolls: Emperor's Champion ‚ú® Big thank you to @WarComTeam for sending him my way - he is a treat to paint! üòä

#warhammercommunity #‚Ä¶",,2021-10-27T21:40:14.000Z,,Twitter for iPhone,,,,warhammercommunity,,,,2,37,0,0,0,False,
42,1453476645403193345,28955739,en,Disco Elysium: The Final Cut (Xbox) is up for preorder at Amazon ($39.99) https://t.co/bDncMzmwjK #ad https://t.co/4odjNzuQhq,Disco Elysium: The Final Cut - Xbox One,2021-10-27T21:40:11.000Z,https://t.co/bDncMzmwjK,TweetDeck,Disco Elysium: The Final Cut (Xbox),Product,0.2779,ad,,,,0,6,3,20,2,False,
43,1453476617473363970,1380008843116175362,en,"RT @heidiklum: BOOO! I‚Äôve partnered with Cash App this Halloween to gift $1,000,000 in stock to my fans. For¬†a chance to win, drop your¬†cas‚Ä¶",,2021-10-27T21:40:04.000Z,,Twitter for Android,Halloween,Other,0.8215,,,,,1,895,0,0,0,False,
44,1453476612234747914,792182745942233089,en,#ad The Nike Women's Air Force 1 Shadow 'Cashmere' is now available via @footlocker! |$120| #SneakerScouts @Nike https://t.co/XzvR2gHbSM https://t.co/m7koosHKQx,,2021-10-27T21:40:03.000Z,https://t.co/XzvR2gHbSM,Hootsuite Inc.,Nike Women's Air Force 1 Shadow 'Cashmere,Product,0.6868,ad,SneakerScouts,,,2,0,0,0,0,False,
45,1453476606224314368,1400440406597320709,en,RT @lomadia: UK FOLKS: you could win a brand new EPOS H3 Hybrid or EPOS H6PRO headset! I'm giving away FOUR - two of each - kindly provided‚Ä¶,,2021-10-27T21:40:01.000Z,,Twitter Web App,UK,Place,0.575,,,,,1,70,0,0,0,False,
46,1453476599639117826,107879781,en,#AD Enter to win the Horror Trivia Game from @Endless_Games on #TwoClassyChics Blog https://t.co/4dH2sT2Zyp Ends 11-16 #Giveaway #games https://t.co/0827VdxfxQ,,2021-10-27T21:40:00.000Z,https://t.co/4dH2sT2Zyp,TweetDeck,Horror Trivia Game,Other,0.4189,AD,TwoClassyChics,Giveaway,games,1,0,0,0,0,False,
47,1453476592668188675,56566855,en,RT @Wario64: Grand Theft Auto: The Trilogy ‚Äì The Definitive Edition (Switch) is up for preorder at Best Buy ($59.99) https://t.co/7rbPK7xut‚Ä¶,,2021-10-27T21:39:58.000Z,,Twitter for Android,Grand Theft Auto: The Trilogy ‚Äì The Definitive Edition,Product,0.1828,,,,,1,13,0,0,0,False,
48,1453476589648367617,1102420105,en,RT @Wario64: Dagon: by H. P. Lovecraft is free on GOG https://t.co/kQNIRUmRga #ad https://t.co/0srzlsnMLI,,2021-10-27T21:39:57.000Z,https://t.co/kQNIRUmRga,Twitter for Android,H. P. Lovecraft,Person,0.8933,ad,,,,1,21,0,0,0,False,
49,1453476559411683334,1363974177099816968,en,"üá™üá∏üá™üá∏üá™üá∏ [SHIPS TO US] [1.053,45¬†‚Ç¨]
Gigabyte AORUS GeForce RTX 3070 Master 8G (Rev. 2.0) NVIDIA 
#rtx3070 #geforce3070
Source: Amazon Checker v3R
Reason: Sold by Amazon

üõí: https://t.co/pBgYCDQwFf
05:39:43.4360 PM EDT #Ad

https://t.co/e24ARIFTdQ",,2021-10-27T21:39:50.000Z,https://t.co/pBgYCDQwFf,Twitter,Gigabyte AORUS GeForce RTX 3070 Master 8G (Rev. 2.0) NVIDIA,Product,0.279,rtx3070,geforce3070,Ad,,0,0,0,0,0,False,
50,1453476559411630082,1342919737358110720,en,"üá™üá∏üá™üá∏üá™üá∏ [SHIPS TO US] [1.053,45¬†‚Ç¨]
Gigabyte AORUS GeForce RTX 3070 Master 8G (Rev. 2.0) NVIDIA 
#rtx3070 #geforce3070
Source: Amazon Checker v3R
Reason: Sold by Amazon

üõí: https://t.co/8uengOwIWe
05:39:43.4360 PM EDT #Ad

https://t.co/wv7ExuAuzK",,2021-10-27T21:39:50.000Z,https://t.co/8uengOwIWe,Twitter,Gigabyte AORUS GeForce RTX 3070 Master 8G (Rev. 2.0) NVIDIA,Product,0.279,rtx3070,geforce3070,Ad,,0,0,0,0,0,False,
51,1453476551295602696,959587361406443525,en,"RT @thisismerete: ‚ú®üéâ GIVEAWAY! üéâ‚ú®

In celebration of 4 fantastic years of streaming on Twitch, @BlueMicrophones has provided a Blue Yeti to‚Ä¶",,2021-10-27T21:39:48.000Z,,Twitter Web App,Twitch,Product,0.5946,,,,,2,47,0,0,0,False,
52,1453476509906309122,2727931166,en,To Love Ru Darkness 2 is $47.38 on Amazon https://t.co/eO8F8nANzi #ad https://t.co/INXT0Vqv8Q,,2021-10-27T21:39:38.000Z,https://t.co/eO8F8nANzi,TweetDeck,To Love Ru Darkness 2,Product,0.3959,ad,,,,0,0,0,0,0,False,
53,1453476509423865859,1184982643944767490,en,"RT @Wario64: $1 - Sonic Adventure 2 + DLC, Sonic Adventure DX, All-Stars Racing, Sonic 4
BTA - All-Stars Racing Transformed, Sonic Generati‚Ä¶",,2021-10-27T21:39:38.000Z,,Twitter for iPhone,,,,,,,,1,63,0,0,0,False,
54,1453476484757262339,1149484549019185152,en,RT @Wario64: Humble Games Bundle: Sonic the Hedgehog 30th Anniversary https://t.co/q5TDsYoyXU #ad https://t.co/AieP6Gn9Xv,,2021-10-27T21:39:32.000Z,https://t.co/q5TDsYoyXU,Twitter for iPhone,Sonic the Hedgehog 30th Anniversary,Other,0.2677,ad,,,,1,177,0,0,0,False,
55,1453476470106460161,3672635604,en,"RT @CFBONFOX: Getting excited for #BigNoonKickoff in East Lansing?!

@Wendys is delivering fans the show they want to watch this Saturday.‚Ä¶",,2021-10-27T21:39:29.000Z,,Twitter for iPhone,East Lansing,Place,0.9433,BigNoonKickoff,,,,2,5,0,0,0,False,
56,1453476381287981058,1199820280002228229,en,"RT @leiane1: üî•HUGE #NFTGiveaway üî•

Win a Camo Croc NFT: a collection of 9700 highly detailed crocs arriving on the Ethereum blockchain mid-‚Ä¶",,2021-10-27T21:39:08.000Z,,Twitter Web App,Camo Croc NFT,Product,0.4717,NFTGiveaway,,,,1,278,0,0,0,False,
57,1453476370944696321,221461587,en,"Only 4 more sleeps 'til the big Buggy Bash at the Bremerton Bug &amp; Reptile Museum! (Say that five times fast!) üòÜ
Stop by on Halloween between 10am-5pm and touch some of their critters, and collect a treat! 
INFO: https://t.co/VrM5oWmoOf

#ad https://t.co/RjiIK9jpeS",,2021-10-27T21:39:05.000Z,https://t.co/VrM5oWmoOf,Twitter Web App,Bremerton Bug & Reptile Museum,Place,0.5189,ad,,,,0,0,0,0,0,False,
58,1453476368868642825,1191759347287838720,en,"VIP member card has been sent for the #NBA + #NHL + #MLB. 

Loaded slate today - I look to deliver a major profit for my clients #TeamPremium

Use code ‚ÄúPREMIUM15‚Äù to save 15% on a VIP üì¶ 

JOIN üëá

https://t.co/WbshZ8ly3R

#trending #ad #gamblingtwitter #freepicks #parlays",,2021-10-27T21:39:05.000Z,https://t.co/WbshZ8ly3R,Twitter for iPhone,,,,NBA,NHL,MLB,TeamPremium,0,0,0,0,0,False,trending
59,1453476363546112003,2989983989,en,RT @DevinWhite__40: My friends at @FifthThird want to fly you and a friend to see a @Buccaneers game on the road! Come cheer us on in Atlan‚Ä¶,,2021-10-27T21:39:04.000Z,,Twitter Web App,,,,,,,,2,17,0,0,0,False,
60,1453476340460576779,914409277984509952,en,"RT @StellaYeahilike: #ad Friends, making #sausages. Happy holiday. #food
1. Automatic Sausages Maker Machine
    https://t.co/KkI752hCtd
2.‚Ä¶",,2021-10-27T21:38:58.000Z,https://t.co/KkI752hCtd,Twitter for Android,,,,ad,sausages,food,,1,31,0,0,0,False,
61,1453476331706990594,1210991516019118080,en,"RT @jbolivar410: @FortniteGame #Fortnite 75 Vbucks gratis disponibles en Save the World !! üî•

‚ö° 64 (35 vbucks)
‚ö° 94 (40 vbucks)
Usa C√≥digo:‚Ä¶",,2021-10-27T21:38:56.000Z,,Twitter for Android,,,,Fortnite,,,,2,1,0,0,0,False,
62,1453476275264401410,728745083995082752,en,"Check out this Tabletop Etsy Shop!

Tower Rex 
#ad https://t.co/wYAophtERO

Featuring wooden board game box inserts, scenery, game upgrades, organizers, player tokens and more! https://t.co/Pw96VI9xfE",,2021-10-27T21:38:42.000Z,https://t.co/wYAophtERO,TweetDeck,,,,ad,,,,0,0,0,0,0,False,
63,1453476273917997056,756435414098010112,en,"RT @KwingsLetsPlays: #GuardiansOfTheGalaxy #GOTGgame #kwingsletsplays #youtubegaming #Ad 
https://t.co/SizEoW3mmu
MARVEL Guardians of the G‚Ä¶",,2021-10-27T21:38:42.000Z,https://t.co/SizEoW3mmu,Twitter for Android,MARVEL Guardians,Other,0.4114,GuardiansOfTheGalaxy,GOTGgame,kwingsletsplays,youtubegaming,1,6,0,0,0,False,Ad
64,1453476270730272774,1430688031166566410,en,RT @TherealAceClick: I need someone who I can #trust to use my #Fortnite  account and level it up because‚Ä¶. Yeah.? Who want to use my accou‚Ä¶,,2021-10-27T21:38:41.000Z,,Twitter Web App,,,,trust,Fortnite,,,1,1,0,0,0,False,
65,1453476219547262977,1430688031166566410,en,"I need someone who I can #trust to use my #Fortnite  account and level it up because‚Ä¶. Yeah.? Who want to use my account for just leveling up my account on fortnite? 
#ad #trust #Fortnite",,2021-10-27T21:38:29.000Z,,Twitter Web App,,,,trust,Fortnite,ad,trust,0,1,1,1,0,False,Fortnite
66,1453476193022341120,2200433106,en,RT @StrictlyCasuaI: üì£ Help support us here at SC by checking out @manscaped and their FANTASTIC products! Get 20% OFF + Free Shipping with‚Ä¶,,2021-10-27T21:38:23.000Z,,Twitter for iPhone,,,,,,,,2,2,0,0,0,False,
67,1453476173103738887,3052673962,en,"RT @WeAreSTV: ""I never thought it would happen to me.""

Even if you expect everything is fine, don‚Äôt ignore your smear test invite: https:/‚Ä¶",,2021-10-27T21:38:18.000Z,,Twitter for iPhone,,,,,,,,1,18,0,0,0,False,
68,1453476158897590277,3388074669,en,"RT @ericjwriting: 2-4 Cavalry Book 6: Operation Morning Glory
#IARTG #ad #MilitarySF #booklovers
#Sciencefiction
US: https://t.co/SfiHrtAiR‚Ä¶",,2021-10-27T21:38:15.000Z,,Twitter Web App,,,,IARTG,ad,MilitarySF,booklovers,1,1,0,0,0,False,Sciencefiction
69,1453476148323700744,914409277984509952,en,RT @FortuneMagazine: Work as we know it simply doesn‚Äôt work. Leaders need to reimagine collaboration so teams can become more connected. #ad,,2021-10-27T21:38:12.000Z,,Twitter for Android,,,,ad,,,,1,31,0,0,0,False,
70,1453476143965876224,1366063448602345479,en,"RT @snkr_twitr: CORRECTION: Dropping tomorrow 3pm PT/6pm ET via Urbanstar 

Nike Dunk Low ‚ÄòHalloween‚Äô
-&gt;  https://t.co/08XnrlyxQr

Nike Air‚Ä¶",,2021-10-27T21:38:11.000Z,https://t.co/08XnrlyxQr,Twitter for Android,Nike Dunk Low,Product,0.421,,,,,1,24,0,0,0,False,
71,1453476127008243714,3388074669,en,"RT @ericjwriting: Playstation 5 Video Games, Accessories 
https://t.co/zI2cEYy0ID
#PS5 #Games #gaming #onlineshopping
#ad",,2021-10-27T21:38:07.000Z,https://t.co/zI2cEYy0ID,Twitter Web App,Playstation 5,Product,0.7415,PS5,Games,gaming,onlineshopping,1,1,0,0,0,False,ad
72,1453476091918700544,1365368669027655682,en,RT @ThatFellaCrafty: Solid heavy stainless steel keyring with engine attached. One for the greasy oil smelling petrol head in your life #et‚Ä¶,,2021-10-27T21:37:59.000Z,,Twitter for Android,,,,,,,,1,1,0,0,0,False,
73,1453476062134898689,935242836,en,"BulkSupplements HMB Powder - #Fasting Supplement - Butyrate Supplement - #Muscle Building Supplements (250 Grams - 8.8 oz) 
#bodybuilding #helpYOUgetGAINS #ad 

https://t.co/ICQLbkF8MT https://t.co/dlXY3B4yib",,2021-10-27T21:37:52.000Z,https://t.co/ICQLbkF8MT,Twitter for iPhone,BulkSupplements HMB Powder - #Fasting Supplement - Butyrate Supplement,Product,0.6637,Fasting,Muscle,bodybuilding,helpYOUgetGAINS,0,0,0,0,0,False,ad
74,1453476060943814661,1318334474,en,RT @FabuRocks: We're joining up with @ROCCAT through their new üì¢ROCCAT Streamer Initiative &amp; they want the #FabuFam &amp; #FabuArmy to join‚Ä¶,,2021-10-27T21:37:51.000Z,,Twitter Web App,,,,FabuFam,FabuArmy,,,2,411,0,0,0,False,
75,1453476042874761216,288299335,en,"RT @chloexhalle: new video for don‚Äôt make it harder on me is out now!
presented by @hondastage #ad https://t.co/XtXiQN4aTH",,2021-10-27T21:37:47.000Z,https://t.co/XtXiQN4aTH,Twitter for Android,,,,ad,,,,2,13961,0,0,0,False,
76,1453476035257901059,3388074669,en,"RT @ericjwriting: Amazon Launchpad
https://t.co/d7WRfuMKRT
#ad #deals #onlineshopping
#New",,2021-10-27T21:37:45.000Z,https://t.co/d7WRfuMKRT,Twitter Web App,Amazon,Organization,0.4202,ad,deals,onlineshopping,New,1,1,0,0,0,False,
77,1453475984234090498,1303375647318835202,en,"#Intel Core i9 12th Gen i9-12900K Processor ~ Back @ Amazon! ($707.50):

https://t.co/tgl03QM1bc #Ad
~Now OOS @ Newegg~

#PCGaming #PC #PCGamer #Tech #Gaming #Gamer #Deals #Restock https://t.co/vy7TqcRBWE",,2021-10-27T21:37:33.000Z,https://t.co/tgl03QM1bc,Twitter for Android,,,,Intel,Ad,PCGaming,PC,0,0,0,1,0,False,PCGamer
78,1453475982548013062,2389208162,en,"RT @solefed: Dropped today - Nike Air VaporMax Plus 'Rough Green/Black/Sequoia'

https://t.co/zFge3pr7ty

#Ad https://t.co/nDlZWCh7zA",,2021-10-27T21:37:33.000Z,https://t.co/zFge3pr7ty,Twitter for iPhone,Nike Air VaporMax Plus,Product,0.9292,Ad,,,,1,1,0,0,0,True,
79,1453475935274033160,2790938994,en,"RT @snkr_twitr: CORRECTION: Dropping tomorrow 3pm PT/6pm ET via Urbanstar 

Nike Dunk Low ‚ÄòHalloween‚Äô
-&gt;  https://t.co/08XnrlyxQr

Nike Air‚Ä¶",,2021-10-27T21:37:21.000Z,https://t.co/08XnrlyxQr,Twitter for iPhone,Nike Dunk Low,Product,0.421,,,,,1,24,0,0,0,False,
80,1453475924058394625,501464548,en,Fancy being #spammed with this #ad #advert promoting #animal #cruelty @animaljusticeAU #NuptotheCup @TwitterSupport https://t.co/OchZL5TZtf,,2021-10-27T21:37:19.000Z,https://t.co/OchZL5TZtf,Twitter for iPhone,,,,spammed,ad,advert,animal,2,0,0,0,0,False,cruelty
81,1453475917800607744,4846392425,en,"RT @davelackie: I'm co-hosting the Beauty's Best Awards 2021 #bbawards2021 on Thursday, Oct 28 at 6 pm ET with a live webcast at https://t.‚Ä¶",,2021-10-27T21:37:17.000Z,,Twitter Web App,,,,bbawards2021,,,,1,213,0,0,0,False,
82,1453475885051482124,4846392425,en,RT @davelackie: Excited to be co-hosting the Beauty's Best Awards 2021 #bbawards2021 on Thursday at 6 pm EST with a live broadcast on https‚Ä¶,,2021-10-27T21:37:09.000Z,,Twitter Web App,,,,bbawards2021,,,,1,68,0,0,0,False,
83,1453475881486192643,1122250512902934528,en,"RT @falcodrin: üî• BESTBUY : XFX Radeon RX 6600 XT Speedster QICK308- $599.99

Link: https://t.co/EHtgTkhpNI

ATC: https://t.co/tDdhv0HM3v

#‚Ä¶",,2021-10-27T21:37:09.000Z,https://t.co/EHtgTkhpNI,Twitter for Android,XFX Radeon RX 6600 XT Speedster QICK308,Product,0.5244,,,,,1,1,0,0,0,False,
84,1453475866957139969,1349702570739183618,en,"Apple 13"" MacBook Air Silver | 1.6GHz i5 16GB 1TB SSD Certified Refurbished 2019 https://t.co/Z4TSHkiPG6 #ad #refurbished #deals",,2021-10-27T21:37:05.000Z,https://t.co/Z4TSHkiPG6,dlvr.it,Apple 13,Product,0.8661,ad,refurbished,deals,,0,0,0,0,0,False,
85,1453475856186183681,741458105406365696,en,"RT @allkpop: JEON SOMI's first debut studio album, XOXO is here and we can't wait to see what she has in store for us.ü•∫ Bask in SOMI's gorg‚Ä¶",,2021-10-27T21:37:03.000Z,,Twitter for Android,JEON SOMI,Person,0.7141,,,,,1,53,0,0,0,False,
